{"cameraMode":{"drawMode":0,"name":"Shaded","section":"Shading Mode"},"sceneLighting":true,"audioPlay":false,"sceneViewState":{"showFog":true,"showMaterialUpdate":false,"showSkybox":true,"showFlares":true,"showImageEffects":true,"showParticleSystems":true},"in2DMode":false,"pivot":{"x":-7.294206142425537,"y":2.200853109359741,"z":15.538330078125},"rotation":{"x":0.005811953451484442,"y":-0.9911525845527649,"z":0.12435421347618103,"w":0.04673272743821144},"size":9.035296440124512,"orthographic":false}